[{"model": "admin.logentry", "pk": 1, "fields": {"action_time": "2025-02-22T02:58:08.431Z", "user": 1, "content_type": 8, "object_id": "3", "object_repr": "Area object (3)", "action_flag": 2, "change_message": "[]"}}, {"model": "admin.logentry", "pk": 2, "fields": {"action_time": "2025-02-22T02:58:47.034Z", "user": 1, "content_type": 8, "object_id": "4", "object_repr": "Area object (4)", "action_flag": 1, "change_message": "[{\"added\": {}}]"}}, {"model": "admin.logentry", "pk": 3, "fields": {"action_time": "2025-02-22T03:06:45.581Z", "user": 1, "content_type": 10, "object_id": "5", "object_repr": "SubArea object (5)", "action_flag": 1, "change_message": "[{\"added\": {}}]"}}, {"model": "admin.logentry", "pk": 4, "fields": {"action_time": "2025-02-22T03:09:03.410Z", "user": 1, "content_type": 10, "object_id": "5", "object_repr": "Tanques de tratamiento", "action_flag": 2, "change_message": "[{\"changed\": {\"fields\": [\"Nombre\"]}}]"}}, {"model": "admin.logentry", "pk": 5, "fields": {"action_time": "2025-02-22T03:14:58.288Z", "user": 1, "content_type": 10, "object_id": "6", "object_repr": "Piscinas de relaves - Tratamiento de agua", "action_flag": 1, "change_message": "[{\"added\": {}}]"}}, {"model": "admin.logentry", "pk": 6, "fields": {"action_time": "2025-02-22T04:11:16.827Z", "user": 1, "content_type": 7, "object_id": "1", "object_repr": "BLOWER TUTHIL", "action_flag": 1, "change_message": "[{\"added\": {}}]"}}, {"model": "admin.logentry", "pk": 7, "fields": {"action_time": "2025-02-22T04:13:01.326Z", "user": 1, "content_type": 7, "object_id": "1", "object_repr": "BLOWER TUTHIL", "action_flag": 2, "change_message": "[]"}}, {"model": "admin.logentry", "pk": 8, "fields": {"action_time": "2025-02-22T04:22:26.819Z", "user": 1, "content_type": 7, "object_id": "1", "object_repr": "BLOWER TUTHIL", "action_flag": 2, "change_message": "[{\"changed\": {\"fields\": [\"Foto\"]}}]"}}, {"model": "admin.logentry", "pk": 9, "fields": {"action_time": "2025-02-22T04:46:11.834Z", "user": 1, "content_type": 7, "object_id": "2", "object_repr": "Transformador de 500 KVA", "action_flag": 1, "change_message": "[{\"added\": {}}]"}}, {"model": "admin.logentry", "pk": 10, "fields": {"action_time": "2025-02-23T02:15:56.025Z", "user": 1, "content_type": 7, "object_id": "3", "object_repr": "Transformador de 300 KVA", "action_flag": 1, "change_message": "[{\"added\": {}}]"}}, {"model": "admin.logentry", "pk": 11, "fields": {"action_time": "2025-02-23T02:18:52.153Z", "user": 1, "content_type": 7, "object_id": "4", "object_repr": "Transformador de 75 KVA", "action_flag": 1, "change_message": "[{\"added\": {}}]"}}, {"model": "admin.logentry", "pk": 12, "fields": {"action_time": "2025-02-23T02:31:07.571Z", "user": 1, "content_type": 7, "object_id": "4", "object_repr": "Transformador de 75 KVA", "action_flag": 2, "change_message": "[{\"changed\": {\"fields\": [\"Foto\"]}}]"}}, {"model": "admin.logentry", "pk": 13, "fields": {"action_time": "2025-02-23T02:44:16.010Z", "user": 1, "content_type": 7, "object_id": "4", "object_repr": "Transformador de 75 KVA", "action_flag": 2, "change_message": "[{\"changed\": {\"fields\": [\"Foto\"]}}]"}}, {"model": "admin.logentry", "pk": 14, "fields": {"action_time": "2025-02-23T02:59:27.673Z", "user": 1, "content_type": 7, "object_id": "3", "object_repr": "Transformador de 300 KVA", "action_flag": 2, "change_message": "[{\"changed\": {\"fields\": [\"Foto\"]}}]"}}, {"model": "admin.logentry", "pk": 15, "fields": {"action_time": "2025-02-23T03:54:19.421Z", "user": 1, "content_type": 7, "object_id": "1", "object_repr": "BLOWER TUTHIL", "action_flag": 2, "change_message": "[{\"changed\": {\"fields\": [\"Foto\", \"Link\"]}}]"}}, {"model": "admin.logentry", "pk": 16, "fields": {"action_time": "2025-02-23T03:55:42.643Z", "user": 1, "content_type": 7, "object_id": "1", "object_repr": "Blower Tuthil", "action_flag": 2, "change_message": "[{\"changed\": {\"fields\": [\"Nombre\", \"Link\"]}}]"}}, {"model": "admin.logentry", "pk": 17, "fields": {"action_time": "2025-02-23T04:02:29.586Z", "user": 1, "content_type": 7, "object_id": "2", "object_repr": "Transformador de 500 KVA", "action_flag": 2, "change_message": "[{\"changed\": {\"fields\": [\"Link\"]}}]"}}, {"model": "admin.logentry", "pk": 18, "fields": {"action_time": "2025-02-23T04:03:55.266Z", "user": 1, "content_type": 7, "object_id": "3", "object_repr": "Transformador de 300 KVA", "action_flag": 2, "change_message": "[{\"changed\": {\"fields\": [\"Link\"]}}]"}}, {"model": "admin.logentry", "pk": 19, "fields": {"action_time": "2025-02-23T04:05:10.591Z", "user": 1, "content_type": 7, "object_id": "4", "object_repr": "Transformador de 75 KVA", "action_flag": 2, "change_message": "[{\"changed\": {\"fields\": [\"Link\"]}}]"}}, {"model": "admin.logentry", "pk": 20, "fields": {"action_time": "2025-02-23T04:06:44.382Z", "user": 1, "content_type": 7, "object_id": "1", "object_repr": "Blower Tuthil", "action_flag": 2, "change_message": "[{\"changed\": {\"fields\": [\"Link\"]}}]"}}, {"model": "admin.logentry", "pk": 21, "fields": {"action_time": "2025-02-23T04:07:56.735Z", "user": 1, "content_type": 7, "object_id": "1", "object_repr": "Blower Tuthil", "action_flag": 2, "change_message": "[{\"changed\": {\"fields\": [\"Foto\"]}}]"}}, {"model": "admin.logentry", "pk": 22, "fields": {"action_time": "2025-02-23T04:08:10.999Z", "user": 1, "content_type": 7, "object_id": "2", "object_repr": "Transformador de 500 KVA", "action_flag": 2, "change_message": "[{\"changed\": {\"fields\": [\"Foto\"]}}]"}}, {"model": "admin.logentry", "pk": 23, "fields": {"action_time": "2025-02-23T04:09:55.226Z", "user": 1, "content_type": 7, "object_id": "1", "object_repr": "Blower Tuthil", "action_flag": 2, "change_message": "[{\"changed\": {\"fields\": [\"Foto\"]}}]"}}, {"model": "admin.logentry", "pk": 24, "fields": {"action_time": "2025-02-23T04:10:29.207Z", "user": 1, "content_type": 7, "object_id": "1", "object_repr": "Blower Tuthil", "action_flag": 2, "change_message": "[{\"changed\": {\"fields\": [\"Link\"]}}]"}}, {"model": "admin.logentry", "pk": 25, "fields": {"action_time": "2025-02-23T04:11:20.747Z", "user": 1, "content_type": 7, "object_id": "1", "object_repr": "Blower Tuthil", "action_flag": 2, "change_message": "[{\"changed\": {\"fields\": [\"Foto\", \"Link\"]}}]"}}, {"model": "admin.logentry", "pk": 26, "fields": {"action_time": "2025-03-12T01:44:06.503Z", "user": 1, "content_type": 11, "object_id": "1", "object_repr": "Revisi¾n de la EEQ de la cßmara y estado transformador", "action_flag": 1, "change_message": "[{\"added\": {}}]"}}, {"model": "admin.logentry", "pk": 27, "fields": {"action_time": "2025-03-12T02:44:29.059Z", "user": 1, "content_type": 11, "object_id": "2", "object_repr": "Ajuste de breaker de bajo voltaje", "action_flag": 1, "change_message": "[{\"added\": {}}]"}}, {"model": "admin.logentry", "pk": 28, "fields": {"action_time": "2025-03-12T02:50:43.961Z", "user": 1, "content_type": 7, "object_id": "5", "object_repr": "Bomba A Piscina 7", "action_flag": 1, "change_message": "[{\"added\": {}}]"}}, {"model": "admin.logentry", "pk": 29, "fields": {"action_time": "2025-03-12T02:54:37.485Z", "user": 1, "content_type": 11, "object_id": "3", "object_repr": "Cambio de sello mecßnico", "action_flag": 1, "change_message": "[{\"added\": {}}]"}}, {"model": "admin.logentry", "pk": 30, "fields": {"action_time": "2025-03-12T03:32:51.801Z", "user": 1, "content_type": 7, "object_id": "5", "object_repr": "Bomba A Piscina 7", "action_flag": 2, "change_message": "[{\"changed\": {\"fields\": [\"Foto\"]}}]"}}, {"model": "admin.logentry", "pk": 31, "fields": {"action_time": "2025-03-12T03:36:13.050Z", "user": 1, "content_type": 7, "object_id": "6", "object_repr": "Bomba B Piscina 7", "action_flag": 1, "change_message": "[{\"added\": {}}]"}}, {"model": "admin.logentry", "pk": 32, "fields": {"action_time": "2025-03-12T03:56:14.103Z", "user": 1, "content_type": 11, "object_id": "4", "object_repr": "Cambio general de fluidos y engrasado", "action_flag": 1, "change_message": "[{\"added\": {}}]"}}, {"model": "admin.logentry", "pk": 33, "fields": {"action_time": "2025-03-12T05:13:10.128Z", "user": 1, "content_type": 11, "object_id": "5", "object_repr": "Blower Tuthil-Cambio general de fluidos y engrasado", "action_flag": 1, "change_message": "[{\"added\": {}}]"}}, {"model": "admin.logentry", "pk": 34, "fields": {"action_time": "2025-03-12T11:23:55.032Z", "user": 1, "content_type": 8, "object_id": "8", "object_repr": "1000 - PTR", "action_flag": 2, "change_message": "[]"}}, {"model": "admin.logentry", "pk": 35, "fields": {"action_time": "2025-03-12T11:24:56.278Z", "user": 1, "content_type": 10, "object_id": "8", "object_repr": "Laboratorio de planta - Laboratorios - 400", "action_flag": 2, "change_message": "[{\"changed\": {\"fields\": [\"Nombre\"]}}]"}}, {"model": "admin.logentry", "pk": 36, "fields": {"action_time": "2025-03-12T11:26:32.423Z", "user": 1, "content_type": 10, "object_id": "8", "object_repr": "Laboratorio de planta - Laboratorios - 400", "action_flag": 2, "change_message": "[{\"changed\": {\"fields\": [\"Cod subArea\"]}}]"}}, {"model": "admin.logentry", "pk": 37, "fields": {"action_time": "2025-03-12T11:26:38.192Z", "user": 1, "content_type": 10, "object_id": "7", "object_repr": "Laboratorio de muestras - Laboratorios - 400", "action_flag": 2, "change_message": "[{\"changed\": {\"fields\": [\"Cod subArea\"]}}]"}}, {"model": "admin.logentry", "pk": 38, "fields": {"action_time": "2025-03-12T11:26:43.160Z", "user": 1, "content_type": 10, "object_id": "6", "object_repr": "Piscinas de relaves - Tratamiento de agua - 200", "action_flag": 2, "change_message": "[{\"changed\": {\"fields\": [\"Cod subArea\"]}}]"}}, {"model": "admin.logentry", "pk": 39, "fields": {"action_time": "2025-03-12T11:26:48.140Z", "user": 1, "content_type": 10, "object_id": "5", "object_repr": "Tanques de tratamiento - Tratamiento de agua - 200", "action_flag": 2, "change_message": "[{\"changed\": {\"fields\": [\"Cod subArea\"]}}]"}}, {"model": "admin.logentry", "pk": 40, "fields": {"action_time": "2025-03-12T11:26:53.111Z", "user": 1, "content_type": 10, "object_id": "4", "object_repr": "Tableros elÚctricos - Generaci¾n de energÝa - 100", "action_flag": 2, "change_message": "[{\"changed\": {\"fields\": [\"Cod subArea\"]}}]"}}, {"model": "admin.logentry", "pk": 41, "fields": {"action_time": "2025-03-12T11:26:58.098Z", "user": 1, "content_type": 10, "object_id": "3", "object_repr": "Grupos Electr¾genos - Generaci¾n de energÝa - 100", "action_flag": 2, "change_message": "[{\"changed\": {\"fields\": [\"Cod subArea\"]}}]"}}, {"model": "admin.logentry", "pk": 42, "fields": {"action_time": "2025-03-12T11:27:03.750Z", "user": 1, "content_type": 10, "object_id": "2", "object_repr": "Blower de Aire - Generaci¾n de energÝa - 100", "action_flag": 2, "change_message": "[{\"changed\": {\"fields\": [\"Cod subArea\"]}}]"}}, {"model": "admin.logentry", "pk": 43, "fields": {"action_time": "2025-03-12T11:27:09.116Z", "user": 1, "content_type": 10, "object_id": "1", "object_repr": "Transformadores de Potencia - Generaci¾n de energÝa - 100", "action_flag": 2, "change_message": "[{\"changed\": {\"fields\": [\"Cod subArea\"]}}]"}}, {"model": "admin.logentry", "pk": 44, "fields": {"action_time": "2025-03-28T04:50:27.289Z", "user": 1, "content_type": 11, "object_id": "21", "object_repr": "Transformador de 500 KVA - Cambio de medidor de corriente", "action_flag": 2, "change_message": "[{\"changed\": {\"fields\": [\"Fecha ejecutada\"]}}]"}}, {"model": "admin.logentry", "pk": 45, "fields": {"action_time": "2025-03-28T04:52:14.593Z", "user": 1, "content_type": 4, "object_id": "6", "object_repr": "jofre", "action_flag": 3, "change_message": ""}}, {"model": "admin.logentry", "pk": 46, "fields": {"action_time": "2025-03-28T04:52:14.593Z", "user": 1, "content_type": 4, "object_id": "8", "object_repr": "juan", "action_flag": 3, "change_message": ""}}, {"model": "admin.logentry", "pk": 47, "fields": {"action_time": "2025-03-28T04:52:14.593Z", "user": 1, "content_type": 4, "object_id": "3", "object_repr": "mathy", "action_flag": 3, "change_message": ""}}, {"model": "admin.logentry", "pk": 48, "fields": {"action_time": "2025-03-28T04:52:14.593Z", "user": 1, "content_type": 4, "object_id": "7", "object_repr": "sandra", "action_flag": 3, "change_message": ""}}, {"model": "admin.logentry", "pk": 49, "fields": {"action_time": "2025-03-28T04:52:14.593Z", "user": 1, "content_type": 4, "object_id": "4", "object_repr": "vero", "action_flag": 3, "change_message": ""}}, {"model": "admin.logentry", "pk": 50, "fields": {"action_time": "2025-03-29T05:01:17.992Z", "user": 1, "content_type": 9, "object_id": "1", "object_repr": "Motor elÚctrico", "action_flag": 1, "change_message": "[{\"added\": {}}]"}}, {"model": "admin.logentry", "pk": 51, "fields": {"action_time": "2025-03-29T05:03:02.122Z", "user": 1, "content_type": 9, "object_id": "2", "object_repr": "Polea de motor", "action_flag": 1, "change_message": "[{\"added\": {}}]"}}, {"model": "admin.logentry", "pk": 52, "fields": {"action_time": "2025-03-29T05:05:21.722Z", "user": 1, "content_type": 9, "object_id": "3", "object_repr": "Polea de blower", "action_flag": 1, "change_message": "[{\"added\": {}}]"}}, {"model": "admin.logentry", "pk": 53, "fields": {"action_time": "2025-03-29T05:07:09.399Z", "user": 1, "content_type": 9, "object_id": "4", "object_repr": "Blower de l¾bulos", "action_flag": 1, "change_message": "[{\"added\": {}}]"}}, {"model": "admin.logentry", "pk": 54, "fields": {"action_time": "2025-03-29T18:43:00.721Z", "user": 1, "content_type": 9, "object_id": "5", "object_repr": "Placa del equipo", "action_flag": 1, "change_message": "[{\"added\": {}}]"}}, {"model": "admin.logentry", "pk": 55, "fields": {"action_time": "2025-03-29T21:38:51.765Z", "user": 1, "content_type": 9, "object_id": "6", "object_repr": "Cronograma de preventivos", "action_flag": 1, "change_message": "[{\"added\": {}}]"}}, {"model": "admin.logentry", "pk": 56, "fields": {"action_time": "2025-04-08T01:32:52.579Z", "user": 1, "content_type": 10, "object_id": "26", "object_repr": "Dispensario", "action_flag": 3, "change_message": ""}}, {"model": "admin.logentry", "pk": 57, "fields": {"action_time": "2025-04-08T01:32:52.579Z", "user": 1, "content_type": 10, "object_id": "23", "object_repr": "Dormitorios", "action_flag": 3, "change_message": ""}}, {"model": "admin.logentry", "pk": 58, "fields": {"action_time": "2025-04-08T01:32:52.579Z", "user": 1, "content_type": 10, "object_id": "22", "object_repr": "Dormitorios", "action_flag": 3, "change_message": ""}}, {"model": "admin.logentry", "pk": 59, "fields": {"action_time": "2025-04-08T01:32:52.579Z", "user": 1, "content_type": 10, "object_id": "21", "object_repr": "Dormitorios", "action_flag": 3, "change_message": ""}}, {"model": "admin.logentry", "pk": 60, "fields": {"action_time": "2025-04-08T01:32:52.579Z", "user": 1, "content_type": 10, "object_id": "20", "object_repr": "Dormitorios", "action_flag": 3, "change_message": ""}}, {"model": "admin.logentry", "pk": 61, "fields": {"action_time": "2025-04-08T01:32:52.579Z", "user": 1, "content_type": 10, "object_id": "19", "object_repr": "Dormitorios", "action_flag": 3, "change_message": ""}}, {"model": "admin.logentry", "pk": 62, "fields": {"action_time": "2025-04-08T03:24:30.976Z", "user": 1, "content_type": 9, "object_id": "17", "object_repr": "Draft", "action_flag": 3, "change_message": ""}}, {"model": "admin.logentry", "pk": 63, "fields": {"action_time": "2025-04-08T03:34:09.760Z", "user": 1, "content_type": 9, "object_id": "21", "object_repr": "Draft del tanque", "action_flag": 3, "change_message": ""}}, {"model": "admin.logentry", "pk": 64, "fields": {"action_time": "2025-04-08T03:35:24.128Z", "user": 1, "content_type": 9, "object_id": "22", "object_repr": "Piso de tanque", "action_flag": 3, "change_message": ""}}, {"model": "admin.logentry", "pk": 65, "fields": {"action_time": "2025-04-09T16:58:41.567Z", "user": 1, "content_type": 9, "object_id": "13", "object_repr": "Vßlvula de alimentaci¾n", "action_flag": 3, "change_message": ""}}, {"model": "admin.logentry", "pk": 66, "fields": {"action_time": "2025-04-09T16:59:31.656Z", "user": 1, "content_type": 9, "object_id": "15", "object_repr": "Unidad Hidrßulica", "action_flag": 3, "change_message": ""}}, {"model": "admin.logentry", "pk": 67, "fields": {"action_time": "2025-04-09T16:59:31.656Z", "user": 1, "content_type": 9, "object_id": "14", "object_repr": "Sistema de aire soplado inverso", "action_flag": 3, "change_message": ""}}, {"model": "admin.logentry", "pk": 68, "fields": {"action_time": "2025-04-09T16:59:48.767Z", "user": 1, "content_type": 9, "object_id": "25", "object_repr": "Sistema de lavado de placas", "action_flag": 3, "change_message": ""}}, {"model": "admin.logentry", "pk": 69, "fields": {"action_time": "2025-04-09T17:00:40.177Z", "user": 1, "content_type": 9, "object_id": "5", "object_repr": "Placa del equipo", "action_flag": 3, "change_message": ""}}, {"model": "admin.logentry", "pk": 70, "fields": {"action_time": "2025-04-09T17:00:40.177Z", "user": 1, "content_type": 9, "object_id": "4", "object_repr": "Blower de l¾bulos", "action_flag": 3, "change_message": ""}}, {"model": "admin.logentry", "pk": 71, "fields": {"action_time": "2025-04-09T17:00:40.177Z", "user": 1, "content_type": 9, "object_id": "3", "object_repr": "Polea de blower", "action_flag": 3, "change_message": ""}}, {"model": "admin.logentry", "pk": 72, "fields": {"action_time": "2025-04-09T17:00:40.177Z", "user": 1, "content_type": 9, "object_id": "2", "object_repr": "Polea de motor", "action_flag": 3, "change_message": ""}}, {"model": "admin.logentry", "pk": 73, "fields": {"action_time": "2025-04-09T17:00:40.177Z", "user": 1, "content_type": 9, "object_id": "1", "object_repr": "Motor elÚctrico", "action_flag": 3, "change_message": ""}}, {"model": "admin.logentry", "pk": 74, "fields": {"action_time": "2025-04-11T02:32:43.932Z", "user": 1, "content_type": 11, "object_id": "39", "object_repr": "Bobcat S220 - Revisi¾n de sistema hidrßulico de brazos trabado", "action_flag": 2, "change_message": "[{\"changed\": {\"fields\": [\"Fecha ejecutada\"]}}]"}}, {"model": "admin.logentry", "pk": 75, "fields": {"action_time": "2025-04-11T02:37:39.245Z", "user": 1, "content_type": 11, "object_id": "24", "object_repr": "Bobcat S220 - Revisi¾n de sistema de elevaci¾n de brazos hidrß·licos por operaci¾n lenta", "action_flag": 2, "change_message": "[{\"changed\": {\"fields\": [\"Fecha ejecutada\"]}}]"}}, {"model": "admin.logentry", "pk": 76, "fields": {"action_time": "2025-04-11T02:40:01.628Z", "user": 1, "content_type": 11, "object_id": "25", "object_repr": "Bobcat S220 - Revisi¾n del banco de vßlvulas y bomba hidra·lica", "action_flag": 3, "change_message": ""}}, {"model": "admin.logentry", "pk": 77, "fields": {"action_time": "2025-04-11T02:58:10.499Z", "user": 1, "content_type": 11, "object_id": "37", "object_repr": "Bobcat S220 - Cambio de ruedas de equipo", "action_flag": 2, "change_message": "[{\"changed\": {\"fields\": [\"Fecha ejecutada\"]}}]"}}, {"model": "admin.logentry", "pk": 78, "fields": {"action_time": "2025-04-11T03:03:31.195Z", "user": 1, "content_type": 11, "object_id": "38", "object_repr": "Bobcat S220 - Enllantado nuevo del equipo", "action_flag": 2, "change_message": "[{\"changed\": {\"fields\": [\"Fecha ejecutada\"]}}]"}}, {"model": "admin.logentry", "pk": 79, "fields": {"action_time": "2025-04-11T03:05:35.834Z", "user": 1, "content_type": 11, "object_id": "35", "object_repr": "Bobcat S220 - Golpeteo y ruido anormal en el mecanismo de elevaci¾n", "action_flag": 2, "change_message": "[{\"changed\": {\"fields\": [\"Fecha ejecutada\"]}}]"}}, {"model": "admin.logentry", "pk": 80, "fields": {"action_time": "2025-04-11T03:12:13.756Z", "user": 1, "content_type": 11, "object_id": "43", "object_repr": "Bobcat S220 - Preventivo de las 2250 horas", "action_flag": 2, "change_message": "[{\"changed\": {\"fields\": [\"Fecha ejecutada\"]}}]"}}, {"model": "admin.logentry", "pk": 81, "fields": {"action_time": "2025-04-11T03:17:11.493Z", "user": 1, "content_type": 11, "object_id": "44", "object_repr": "Bobcat S220 - Preventivo de las 2000 horas", "action_flag": 2, "change_message": "[{\"changed\": {\"fields\": [\"Fecha ejecutada\"]}}]"}}, {"model": "admin.logentry", "pk": 82, "fields": {"action_time": "2025-04-11T03:20:14.351Z", "user": 1, "content_type": 11, "object_id": "45", "object_repr": "Bobcat S220 - Preventivo de las 1750 horas", "action_flag": 2, "change_message": "[{\"changed\": {\"fields\": [\"Fecha ejecutada\"]}}]"}}, {"model": "admin.logentry", "pk": 83, "fields": {"action_time": "2025-04-11T03:21:26.818Z", "user": 1, "content_type": 11, "object_id": "46", "object_repr": "Bobcat S220 - Preventivo de las 1500 horas", "action_flag": 2, "change_message": "[{\"changed\": {\"fields\": [\"Fecha ejecutada\"]}}]"}}, {"model": "admin.logentry", "pk": 84, "fields": {"action_time": "2025-04-11T03:22:33.940Z", "user": 1, "content_type": 11, "object_id": "47", "object_repr": "Bobcat S220 - Preventivo de las 1250 horas", "action_flag": 2, "change_message": "[{\"changed\": {\"fields\": [\"Fecha ejecutada\"]}}]"}}, {"model": "admin.logentry", "pk": 85, "fields": {"action_time": "2025-04-11T03:23:20.921Z", "user": 1, "content_type": 11, "object_id": "48", "object_repr": "Bobcat S220 - Preventivo de las 1000 horas", "action_flag": 2, "change_message": "[{\"changed\": {\"fields\": [\"Fecha ejecutada\"]}}]"}}, {"model": "admin.logentry", "pk": 86, "fields": {"action_time": "2025-04-11T03:27:28.433Z", "user": 1, "content_type": 11, "object_id": "26", "object_repr": "Bobcat S220 - Reparaci¾n de tanque de aceite hidrßulico.", "action_flag": 2, "change_message": "[{\"changed\": {\"fields\": [\"Fecha ejecutada\"]}}]"}}, {"model": "admin.logentry", "pk": 87, "fields": {"action_time": "2025-04-11T03:30:20.835Z", "user": 1, "content_type": 11, "object_id": "49", "object_repr": "Bobcat S220 - Fuga de aceite hidrßulico en la parte inferior de la cabina", "action_flag": 2, "change_message": "[{\"changed\": {\"fields\": [\"Fecha ejecutada\"]}}]"}}, {"model": "admin.logentry", "pk": 88, "fields": {"action_time": "2025-04-11T03:31:52.570Z", "user": 1, "content_type": 11, "object_id": "27", "object_repr": "Bobcat S220 - Cambio de switch de encendido por perdida de llave", "action_flag": 2, "change_message": "[{\"changed\": {\"fields\": [\"Fecha ejecutada\"]}}]"}}, {"model": "admin.logentry", "pk": 89, "fields": {"action_time": "2025-04-11T03:33:25.499Z", "user": 1, "content_type": 11, "object_id": "29", "object_repr": "Bobcat S220 - Cambio de luces delanteras debido a rotura de vidrio", "action_flag": 2, "change_message": "[{\"changed\": {\"fields\": [\"Fecha ejecutada\"]}}]"}}, {"model": "admin.logentry", "pk": 90, "fields": {"action_time": "2025-04-11T03:39:33.217Z", "user": 1, "content_type": 11, "object_id": "28", "object_repr": "Bobcat S220 - Cambio de sensor de aceite", "action_flag": 2, "change_message": "[{\"changed\": {\"fields\": [\"Fecha ejecutada\"]}}]"}}, {"model": "admin.logentry", "pk": 91, "fields": {"action_time": "2025-04-11T03:41:33.550Z", "user": 1, "content_type": 11, "object_id": "50", "object_repr": "Bobcat S220 - Cambio de cuchilla de pala frontal", "action_flag": 2, "change_message": "[{\"changed\": {\"fields\": [\"Fecha ejecutada\"]}}]"}}, {"model": "admin.logentry", "pk": 92, "fields": {"action_time": "2025-04-11T18:54:04.456Z", "user": 1, "content_type": 11, "object_id": "51", "object_repr": "Locomotora 3.5Tn - Reparaci¾n de Rodamen (caja de transmisi¾n)", "action_flag": 2, "change_message": "[{\"changed\": {\"fields\": [\"Fecha ejecutada\"]}}]"}}, {"model": "admin.logentry", "pk": 93, "fields": {"action_time": "2025-04-11T18:54:36.821Z", "user": 1, "content_type": 11, "object_id": "51", "object_repr": "Locomotora 3.5Tn - Reparaci¾n de Rodamen (caja de transmisi¾n)", "action_flag": 2, "change_message": "[{\"changed\": {\"fields\": [\"Fecha ejecutada\"]}}]"}}, {"model": "admin.logentry", "pk": 94, "fields": {"action_time": "2025-04-11T19:01:02.544Z", "user": 1, "content_type": 10, "object_id": "28", "object_repr": "Maquinaria de locomotora de Mina", "action_flag": 2, "change_message": "[{\"changed\": {\"fields\": [\"Nombre\"]}}]"}}, {"model": "admin.logentry", "pk": 95, "fields": {"action_time": "2025-04-12T19:14:34.913Z", "user": 1, "content_type": 12, "object_id": "4", "object_repr": "Rodamiento interno de tapa", "action_flag": 2, "change_message": "[{\"changed\": {\"fields\": [\"Anexo1\", \"Anexo2\"]}}]"}}, {"model": "admin.logentry", "pk": 96, "fields": {"action_time": "2025-04-12T19:15:40.133Z", "user": 1, "content_type": 12, "object_id": "3", "object_repr": "Chumacera de piso", "action_flag": 2, "change_message": "[{\"changed\": {\"fields\": [\"Anexo1\", \"Anexo2\"]}}]"}}, {"model": "auth.permission", "pk": 1, "fields": {"name": "Can add log entry", "content_type": 1, "codename": "add_logentry"}}, {"model": "auth.permission", "pk": 2, "fields": {"name": "Can change log entry", "content_type": 1, "codename": "change_logentry"}}, {"model": "auth.permission", "pk": 3, "fields": {"name": "Can delete log entry", "content_type": 1, "codename": "delete_logentry"}}, {"model": "auth.permission", "pk": 4, "fields": {"name": "Can view log entry", "content_type": 1, "codename": "view_logentry"}}, {"model": "auth.permission", "pk": 5, "fields": {"name": "Can add permission", "content_type": 2, "codename": "add_permission"}}, {"model": "auth.permission", "pk": 6, "fields": {"name": "Can change permission", "content_type": 2, "codename": "change_permission"}}, {"model": "auth.permission", "pk": 7, "fields": {"name": "Can delete permission", "content_type": 2, "codename": "delete_permission"}}, {"model": "auth.permission", "pk": 8, "fields": {"name": "Can view permission", "content_type": 2, "codename": "view_permission"}}, {"model": "auth.permission", "pk": 9, "fields": {"name": "Can add group", "content_type": 3, "codename": "add_group"}}, {"model": "auth.permission", "pk": 10, "fields": {"name": "Can change group", "content_type": 3, "codename": "change_group"}}, {"model": "auth.permission", "pk": 11, "fields": {"name": "Can delete group", "content_type": 3, "codename": "delete_group"}}, {"model": "auth.permission", "pk": 12, "fields": {"name": "Can view group", "content_type": 3, "codename": "view_group"}}, {"model": "auth.permission", "pk": 13, "fields": {"name": "Can add user", "content_type": 4, "codename": "add_user"}}, {"model": "auth.permission", "pk": 14, "fields": {"name": "Can change user", "content_type": 4, "codename": "change_user"}}, {"model": "auth.permission", "pk": 15, "fields": {"name": "Can delete user", "content_type": 4, "codename": "delete_user"}}, {"model": "auth.permission", "pk": 16, "fields": {"name": "Can view user", "content_type": 4, "codename": "view_user"}}, {"model": "auth.permission", "pk": 17, "fields": {"name": "Can add content type", "content_type": 5, "codename": "add_contenttype"}}, {"model": "auth.permission", "pk": 18, "fields": {"name": "Can change content type", "content_type": 5, "codename": "change_contenttype"}}, {"model": "auth.permission", "pk": 19, "fields": {"name": "Can delete content type", "content_type": 5, "codename": "delete_contenttype"}}, {"model": "auth.permission", "pk": 20, "fields": {"name": "Can view content type", "content_type": 5, "codename": "view_contenttype"}}, {"model": "auth.permission", "pk": 21, "fields": {"name": "Can add session", "content_type": 6, "codename": "add_session"}}, {"model": "auth.permission", "pk": 22, "fields": {"name": "Can change session", "content_type": 6, "codename": "change_session"}}, {"model": "auth.permission", "pk": 23, "fields": {"name": "Can delete session", "content_type": 6, "codename": "delete_session"}}, {"model": "auth.permission", "pk": 24, "fields": {"name": "Can view session", "content_type": 6, "codename": "view_session"}}, {"model": "auth.permission", "pk": 25, "fields": {"name": "Can add maquina", "content_type": 7, "codename": "add_maquina"}}, {"model": "auth.permission", "pk": 26, "fields": {"name": "Can change maquina", "content_type": 7, "codename": "change_maquina"}}, {"model": "auth.permission", "pk": 27, "fields": {"name": "Can delete maquina", "content_type": 7, "codename": "delete_maquina"}}, {"model": "auth.permission", "pk": 28, "fields": {"name": "Can view maquina", "content_type": 7, "codename": "view_maquina"}}, {"model": "auth.permission", "pk": 29, "fields": {"name": "Can add area", "content_type": 8, "codename": "add_area"}}, {"model": "auth.permission", "pk": 30, "fields": {"name": "Can change area", "content_type": 8, "codename": "change_area"}}, {"model": "auth.permission", "pk": 31, "fields": {"name": "Can delete area", "content_type": 8, "codename": "delete_area"}}, {"model": "auth.permission", "pk": 32, "fields": {"name": "Can view area", "content_type": 8, "codename": "view_area"}}, {"model": "auth.permission", "pk": 33, "fields": {"name": "Can add parte", "content_type": 9, "codename": "add_parte"}}, {"model": "auth.permission", "pk": 34, "fields": {"name": "Can change parte", "content_type": 9, "codename": "change_parte"}}, {"model": "auth.permission", "pk": 35, "fields": {"name": "Can delete parte", "content_type": 9, "codename": "delete_parte"}}, {"model": "auth.permission", "pk": 36, "fields": {"name": "Can view parte", "content_type": 9, "codename": "view_parte"}}, {"model": "auth.permission", "pk": 37, "fields": {"name": "Can add sub area", "content_type": 10, "codename": "add_subarea"}}, {"model": "auth.permission", "pk": 38, "fields": {"name": "Can change sub area", "content_type": 10, "codename": "change_subarea"}}, {"model": "auth.permission", "pk": 39, "fields": {"name": "Can delete sub area", "content_type": 10, "codename": "delete_subarea"}}, {"model": "auth.permission", "pk": 40, "fields": {"name": "Can view sub area", "content_type": 10, "codename": "view_subarea"}}, {"model": "auth.permission", "pk": 41, "fields": {"name": "Can add mantenimientos", "content_type": 11, "codename": "add_mantenimientos"}}, {"model": "auth.permission", "pk": 42, "fields": {"name": "Can change mantenimientos", "content_type": 11, "codename": "change_mantenimientos"}}, {"model": "auth.permission", "pk": 43, "fields": {"name": "Can delete mantenimientos", "content_type": 11, "codename": "delete_mantenimientos"}}, {"model": "auth.permission", "pk": 44, "fields": {"name": "Can view mantenimientos", "content_type": 11, "codename": "view_mantenimientos"}}, {"model": "auth.permission", "pk": 45, "fields": {"name": "Can add sub parte", "content_type": 12, "codename": "add_subparte"}}, {"model": "auth.permission", "pk": 46, "fields": {"name": "Can change sub parte", "content_type": 12, "codename": "change_subparte"}}, {"model": "auth.permission", "pk": 47, "fields": {"name": "Can delete sub parte", "content_type": 12, "codename": "delete_subparte"}}, {"model": "auth.permission", "pk": 48, "fields": {"name": "Can view sub parte", "content_type": 12, "codename": "view_subparte"}}, {"model": "auth.user", "pk": 1, "fields": {"password": "pbkdf2_sha256$870000$96iGNkhKQVAs7fcrqcWErW$clfa06WHiNa1MMGJzfc2stUAo1gwDTCXF+l+lOni7dk=", "last_login": "2025-04-03T13:42:28.199Z", "is_superuser": true, "username": "guido", "first_name": "", "last_name": "", "email": "gabcavel_27@hormail.com", "is_staff": true, "is_active": true, "date_joined": "2025-02-22T02:48:12.701Z", "groups": [], "user_permissions": []}}, {"model": "auth.user", "pk": 2, "fields": {"password": "pbkdf2_sha256$870000$dhcCTzvTHoR85MSnX5UJ00$v0FKkAt0hnaUa23+fbnOWXVjCCEiGu131YrfmKmu/0s=", "last_login": "2025-03-11T22:09:58.207Z", "is_superuser": false, "username": "gabriel", "first_name": "", "last_name": "", "email": "", "is_staff": false, "is_active": true, "date_joined": "2025-03-11T04:05:41.621Z", "groups": [], "user_permissions": []}}, {"model": "auth.user", "pk": 5, "fields": {"password": "pbkdf2_sha256$870000$iAxOnLtXGLpRs6v3AgsvHR$RzIgcxkZtLtIrN7QLNfCBfld2qAvG5ANzOOTLusoYtw=", "last_login": null, "is_superuser": false, "username": "jessy", "first_name": "", "last_name": "", "email": "", "is_staff": false, "is_active": true, "date_joined": "2025-03-11T04:21:20.924Z", "groups": [], "user_permissions": []}}, {"model": "auth.user", "pk": 9, "fields": {"password": "pbkdf2_sha256$870000$srLiA7eoPYTxfQVvc3h4JU$jpDdOvXVexVvR/b70Fs8GL/wckCGAGVXCEm+P+B+pv0=", "last_login": "2025-03-30T04:12:51.321Z", "is_superuser": false, "username": "Automecano", "first_name": "", "last_name": "", "email": "", "is_staff": false, "is_active": true, "date_joined": "2025-03-30T04:12:50.998Z", "groups": [], "user_permissions": []}}, {"model": "contenttypes.contenttype", "pk": 1, "fields": {"app_label": "admin", "model": "logentry"}}, {"model": "contenttypes.contenttype", "pk": 2, "fields": {"app_label": "auth", "model": "permission"}}, {"model": "contenttypes.contenttype", "pk": 3, "fields": {"app_label": "auth", "model": "group"}}, {"model": "contenttypes.contenttype", "pk": 4, "fields": {"app_label": "auth", "model": "user"}}, {"model": "contenttypes.contenttype", "pk": 5, "fields": {"app_label": "contenttypes", "model": "contenttype"}}, {"model": "contenttypes.contenttype", "pk": 6, "fields": {"app_label": "sessions", "model": "session"}}, {"model": "contenttypes.contenttype", "pk": 7, "fields": {"app_label": "activos", "model": "maquina"}}, {"model": "contenttypes.contenttype", "pk": 8, "fields": {"app_label": "activos", "model": "area"}}, {"model": "contenttypes.contenttype", "pk": 9, "fields": {"app_label": "activos", "model": "parte"}}, {"model": "contenttypes.contenttype", "pk": 10, "fields": {"app_label": "activos", "model": "subarea"}}, {"model": "contenttypes.contenttype", "pk": 11, "fields": {"app_label": "activos", "model": "mantenimientos"}}, {"model": "contenttypes.contenttype", "pk": 12, "fields": {"app_label": "activos", "model": "subparte"}}, {"model": "sessions.session", "pk": "89yu56y28zrhs0qw9swow6c7zwp4n2bd", "fields": {"session_data": ".eJxVjEEOwiAQRe_C2pBCgaEu3fcMZGYAqRqalHZlvLtt0oVu_3vvv0XAbS1ha2kJUxRXocTldyPkZ6oHiA-s91nyXNdlInko8qRNjnNMr9vp_h0UbGWvk_WOyAy66zV24H0ykE0mi6A1sXXKRjZKZQLrANXgMTN72jFQD0l8vtUyN9g:1u0Kpw:xnYW_cLtVLSwNexRDzw5Vr9c9TncTKj2-tkJA3PnTD0", "expire_date": "2025-04-17T13:42:28.209Z"}}, {"model": "sessions.session", "pk": "fympumkls4vpn7bqrszxwktbc95o8rr9", "fields": {"session_data": ".eJxVjDsOwjAQBe_iGll2sv4sJX3OYK1_OIAcKU4qxN2JpRTwyjejeTNH-1bc3tLq5siuDNnl9_MUnql2EB9U7wsPS93W2fOu8JM2Pi0xvW6n-xco1ErP2hAoE5h0TPpo82CRpBkoaDSolACpLYFEkKBAC2GywoPSGKIYgX2-9ik3gA:1tyk2V:iYPG-e3lpYPmolXMsdisOEl3590PG1p7ierTGkdDLQk", "expire_date": "2025-04-13T04:12:51.325Z"}}, {"model": "sessions.session", "pk": "s6b8d3r5hf6is8l6pcc67igwy1g7qbxz", "fields": {"session_data": ".eJxVjEEOwiAQRe_C2pBCgaEu3fcMZGYAqRqalHZlvLtt0oVu_3vvv0XAbS1ha2kJUxRXocTldyPkZ6oHiA-s91nyXNdlInko8qRNjnNMr9vp_h0UbGWvk_WOyAy66zV24H0ykE0mi6A1sXXKRjZKZQLrANXgMTN72jFQD0l8vtUyN9g:1tlfak:hN9G0O3v1-AmAl-3UzYNugzrnbYLHa2HnvXGzxRgn30", "expire_date": "2025-03-08T02:50:10.706Z"}}, {"model": "sessions.session", "pk": "w47vj3kw0do9wxpk5r9noy4to5quxoes", "fields": {"session_data": ".eJxVjMEOwiAQRP-FsyEU6VI8evcbyO6ySNXQpLQn47_bJj1o5jbvzbxVxHUpcW0yxzGpiwJ1-u0I-Sl1B-mB9T5pnuoyj6R3RR-06duU5HU93L-Dgq1s63NiQWYWMA6N9BY528H0DtOWTNbnzlkfADxDJ8GS9-DAmYEoJM7q8wUYbjjA:1trxzP:pcZrOTtJgLOJDPB8-AyYSrx01LX98Sj4vm2yCo8X3iI", "expire_date": "2025-03-25T11:41:39.176Z"}}, {"model": "activos.area", "pk": 1, "fields": {"cod_area": "L1", "nombre": "Generaci¾n de energÝa"}}, {"model": "activos.area", "pk": 2, "fields": {"cod_area": "L2", "nombre": "Tratamiento de agua"}}, {"model": "activos.area", "pk": 3, "fields": {"cod_area": "L3", "nombre": "Planta"}}, {"model": "activos.area", "pk": 4, "fields": {"cod_area": "L4", "nombre": "Laboratorios"}}, {"model": "activos.area", "pk": 5, "fields": {"cod_area": "L5", "nombre": "Talleres"}}, {"model": "activos.area", "pk": 6, "fields": {"cod_area": "L6", "nombre": "Mina"}}, {"model": "activos.area", "pk": 7, "fields": {"cod_area": "L7", "nombre": "Campamento"}}, {"model": "activos.area", "pk": 8, "fields": {"cod_area": "L10", "nombre": "PTR"}}, {"model": "activos.subarea", "pk": 1, "fields": {"subarea": 1, "cod_subArea": "L1-TP", "nombre": "Transformadores de Potencia"}}, {"model": "activos.subarea", "pk": 2, "fields": {"subarea": 1, "cod_subArea": "L1-BA", "nombre": "Blower de Aire"}}, {"model": "activos.subarea", "pk": 3, "fields": {"subarea": 1, "cod_subArea": "L1-GE", "nombre": "Grupos Electr¾genos"}}, {"model": "activos.subarea", "pk": 4, "fields": {"subarea": 1, "cod_subArea": "L1-TE", "nombre": "Tableros elÚctricos"}}, {"model": "activos.subarea", "pk": 5, "fields": {"subarea": 2, "cod_subArea": "L2-TA", "nombre": "Tanques de tratamiento"}}, {"model": "activos.subarea", "pk": 6, "fields": {"subarea": 2, "cod_subArea": "L2-PR", "nombre": "Piscinas de relaves"}}, {"model": "activos.subarea", "pk": 7, "fields": {"subarea": 4, "cod_subArea": "L4-LM", "nombre": "Laboratorio de muestras"}}, {"model": "activos.subarea", "pk": 8, "fields": {"subarea": 4, "cod_subArea": "L4-LP", "nombre": "Laboratorio de planta"}}, {"model": "activos.subarea", "pk": 9, "fields": {"subarea": 5, "cod_subArea": "L5-TE", "nombre": "Taller elÚctrico"}}, {"model": "activos.subarea", "pk": 10, "fields": {"subarea": 5, "cod_subArea": "L5-TM", "nombre": "Taller mecßnico"}}, {"model": "activos.subarea", "pk": 11, "fields": {"subarea": 6, "cod_subArea": "L6-MP", "nombre": "Maquinaria Pesada M¾vil"}}, {"model": "activos.subarea", "pk": 12, "fields": {"subarea": 8, "cod_subArea": "L10-GE", "nombre": "Generaci¾n de energÝa"}}, {"model": "activos.subarea", "pk": 13, "fields": {"subarea": 8, "cod_subArea": "L10-AC", "nombre": "Acondicionadores"}}, {"model": "activos.subarea", "pk": 14, "fields": {"subarea": 8, "cod_subArea": "L10-CF", "nombre": "Celdas de flotaci¾n"}}, {"model": "activos.subarea", "pk": 15, "fields": {"subarea": 8, "cod_subArea": "L10-ES", "nombre": "Espesamiento"}}, {"model": "activos.subarea", "pk": 16, "fields": {"subarea": 8, "cod_subArea": "L10-FL", "nombre": "Filtrado"}}, {"model": "activos.subarea", "pk": 17, "fields": {"subarea": 1, "cod_subArea": "L1-RD", "nombre": "Reservorios Diesel"}}, {"model": "activos.subarea", "pk": 18, "fields": {"subarea": 8, "cod_subArea": "L10-BP", "nombre": "Bombeo piscinas"}}, {"model": "activos.subarea", "pk": 24, "fields": {"subarea": 7, "cod_subArea": "L7-DM", "nombre": "Dormitorios"}}, {"model": "activos.subarea", "pk": 25, "fields": {"subarea": 7, "cod_subArea": "L7-CL", "nombre": "Club"}}, {"model": "activos.subarea", "pk": 27, "fields": {"subarea": 7, "cod_subArea": "L7-DI", "nombre": "Dispensario"}}, {"model": "activos.subarea", "pk": 28, "fields": {"subarea": 6, "cod_subArea": "L6-LM", "nombre": "Maquinaria de locomotora de Mina"}}, {"model": "activos.subarea", "pk": 29, "fields": {"subarea": 3, "cod_subArea": "L3-TS", "nombre": "Trituraci¾n secundaria"}}, {"model": "activos.subarea", "pk": 30, "fields": {"subarea": 3, "cod_subArea": "L3-TP", "nombre": "Trituraci¾n primaria"}}, {"model": "activos.subarea", "pk": 31, "fields": {"subarea": 3, "cod_subArea": "L3-M2", "nombre": "Molienda 2"}}, {"model": "activos.maquina", "pk": 1, "fields": {"area": 2, "codigo": "L1-BA1", "nombre": "Blower Tuthil", "descripcion": "Soplador de aire", "disponibilidad": "ON", "fecha_instalacion": "2017-06-06", "fecha_updated": "2025-04-09", "foto": "images_maquinas/Blower_Tuthil.jpg", "link": "L1-BA-001"}}, {"model": "activos.maquina", "pk": 2, "fields": {"area": 1, "codigo": "L1-TP2", "nombre": "Transformador de 500 KVA", "descripcion": "Transformador de 500 KVA reparado dos veces", "disponibilidad": "ON", "fecha_instalacion": "2015-08-04", "fecha_updated": "2025-04-09", "foto": "images_maquinas/Transformador_de_500_KVA.jpg", "link": "L1-TP-001"}}, {"model": "activos.maquina", "pk": 3, "fields": {"area": 1, "codigo": "L1-TP3", "nombre": "Transformador de 300 KVA", "descripcion": "Transformador de 300 KVA reparado", "disponibilidad": "ON", "fecha_instalacion": "2019-10-01", "fecha_updated": "2025-04-09", "foto": "images_maquinas/Transformador_de_300_KVA.jpg", "link": "L1-TP-002"}}, {"model": "activos.maquina", "pk": 4, "fields": {"area": 1, "codigo": "L1-TP4", "nombre": "Transformador de 75 KVA", "descripcion": "Transformador de 75 KVA pintado de color verde", "disponibilidad": "ON", "fecha_instalacion": "2019-10-01", "fecha_updated": "2025-04-09", "foto": "images_maquinas/Transformador_de_75_KVA.jpg", "link": "L1-TP-003"}}, {"model": "activos.maquina", "pk": 5, "fields": {"area": 6, "codigo": "L2-PR5", "nombre": "Bomba A Piscina 7", "descripcion": "Bomba A. Piscina 7. \r\nBomba de 20 HP de doble cuerpo", "disponibilidad": "ON", "fecha_instalacion": "2024-07-10", "fecha_updated": "2025-04-09", "foto": "images_maquinas/Bomba_A_Piscina_7.jpg", "link": "archivos_maquinas/d119f8f5dab44305b1bdc8a47003a555.pdf"}}, {"model": "activos.maquina", "pk": 6, "fields": {"area": 6, "codigo": "L2-PR6", "nombre": "Bomba B Piscina 7", "descripcion": "Bomba de 20 HP, Piscina 7", "disponibilidad": "ON", "fecha_instalacion": "2024-11-06", "fecha_updated": "2025-04-09", "foto": "Por defecto.png", "link": "archivos_maquinas/58bd41b4c7424cd298cbbeac3cb49e53.pdf"}}, {"model": "activos.maquina", "pk": 7, "fields": {"area": 3, "codigo": "L1-GE7", "nombre": "Generador Diesel 450 KVA", "descripcion": "Generador Diesel 450 KVA", "disponibilidad": "BK", "fecha_instalacion": "2023-01-01", "fecha_updated": "2025-04-09", "foto": "images_maquinas/58b275a9c3164f54b74e4b644a553b70.jpg", "link": ""}}, {"model": "activos.maquina", "pk": 8, "fields": {"area": 3, "codigo": "L1-GE8", "nombre": "Generador Diesel 1125 KVA", "descripcion": "Generador Diesel 1125 KVA", "disponibilidad": "ON", "fecha_instalacion": "2023-01-01", "fecha_updated": "2025-04-09", "foto": "images_maquinas/94244e380bd24e01b5e3d671016b1668.jpg", "link": ""}}, {"model": "activos.maquina", "pk": 9, "fields": {"area": 4, "codigo": "L1-TE9", "nombre": "Tablero de transferencia 800A", "descripcion": "Tablero de transferencia automßtica de 800A con breaker manuales", "disponibilidad": "ON", "fecha_instalacion": "2023-01-01", "fecha_updated": "2025-04-09", "foto": "images_maquinas/Tablero_de_transferencia_800A.jpg", "link": "archivos_maquinas/Tablero_de_transferencia_800A.jpg"}}, {"model": "activos.maquina", "pk": 10, "fields": {"area": 4, "codigo": "L1-TE10", "nombre": "Tablero distribuci¾n principal 500 KVA", "descripcion": "Tablero distribuci¾n principal del circuito de 500 KVA", "disponibilidad": "ON", "fecha_instalacion": "2023-01-01", "fecha_updated": "2025-04-09", "foto": "images_maquinas/5abf43ee6ca7459e940773ce12991257.jpg", "link": ""}}, {"model": "activos.maquina", "pk": 11, "fields": {"area": 4, "codigo": "L1-TE11", "nombre": "Tablero distribuci¾n principal 300 KVA", "descripcion": "Tablero distribuci¾n principal 300 KVA", "disponibilidad": "ON", "fecha_instalacion": "2023-01-01", "fecha_updated": "2025-04-09", "foto": "images_maquinas/049761c52f0a407b9b090f4c97e4915a.jpg", "link": "archivos_maquinas/51216309fbde4537b7130902de56b726.jpg"}}, {"model": "activos.maquina", "pk": 12, "fields": {"area": 4, "codigo": "L1-TE12", "nombre": "Tablero de transferencia 300A", "descripcion": "Tablero de transferencia 300A", "disponibilidad": "ON", "fecha_instalacion": "2025-01-01", "fecha_updated": "2025-04-09", "foto": "images_maquinas/3574c7cf7ef34286927dfab96e0988d3.jpg", "link": "archivos_maquinas/86b51c60e72747469a21b8b3a1376c9d.jpg"}}, {"model": "activos.maquina", "pk": 13, "fields": {"area": 11, "codigo": "L6-MP13", "nombre": "Bobcat S220", "descripcion": "Minicargador\r\nMARCA BOBCAT S220\r\nModelo: A5GK35240", "disponibilidad": "OFF", "fecha_instalacion": "2022-01-01", "fecha_updated": "2025-04-09", "foto": "images_maquinas/05c6a3a3bd7048ecb322d72a44ec2796.png", "link": "archivos_maquinas/8c682a33074c4e1395f55dfb36e090ca.pdf"}}, {"model": "activos.maquina", "pk": 14, "fields": {"area": 11, "codigo": "L6-MP14", "nombre": "Retroexcavadora JCB 3CX", "descripcion": "Retroexcavadora JCB \r\nMarca: JCB\r\nModelo: 3CX\r\nNumero modelo producto: S0R3CXTTPN3174960", "disponibilidad": "ON", "fecha_instalacion": "2024-01-01", "fecha_updated": "2025-04-09", "foto": "images_maquinas/83ef5118cb9f458e84b83971ccd69da6.jpg", "link": "archivos_maquinas/5f040945aa0a4ed194ed518f237e2958.pdf"}}, {"model": "activos.maquina", "pk": 15, "fields": {"area": 16, "codigo": "L10-FL15", "nombre": "Filtro Prensa 1", "descripcion": "FILTRO PRENSA DAZHANG\r\nMOD: XMZ 400-1500\r\nPRESION DE ALIMENTACION: 0,6 Mpa\r\nVOLUMEN DE CAMARA: 7000 L\r\nAREA DE FILTRO: 400 m2\r\nPRESION DE PRENSADO: 20 MPa", "disponibilidad": "ON", "fecha_instalacion": "2024-01-01", "fecha_updated": "2025-04-09", "foto": "images_maquinas/7897c211c7fa4c96921ed0e84206ef6e.jpg", "link": ""}}, {"model": "activos.maquina", "pk": 16, "fields": {"area": 17, "codigo": "L1-RD16", "nombre": "Tanque Principal 3000 Galones", "descripcion": "Capacidad = 3400 Galones", "disponibilidad": "ON", "fecha_instalacion": "2023-01-01", "fecha_updated": "2025-04-09", "foto": "", "link": ""}}, {"model": "activos.maquina", "pk": 17, "fields": {"area": 12, "codigo": "L10-GE17", "nombre": "Generador 850 KVA", "descripcion": "Marca: Modasa\r\nModelo: 750\r\nProveedor: Energy Prime", "disponibilidad": "ON", "fecha_instalacion": "2022-12-01", "fecha_updated": "2025-04-09", "foto": "", "link": ""}}, {"model": "activos.maquina", "pk": 18, "fields": {"area": 12, "codigo": "L10-GE18", "nombre": "Transformador 1000 KVA", "descripcion": "Marca: Ecuatran\r\nPotencia: 1000 KVA\r\nVoltaje: 440V", "disponibilidad": "BK", "fecha_instalacion": "2023-01-01", "fecha_updated": "2025-04-09", "foto": "", "link": ""}}, {"model": "activos.maquina", "pk": 19, "fields": {"area": 13, "codigo": "L10-AC19", "nombre": "Acondicionador 1", "descripcion": "Tanque: 42.73 m3 ·tiles", "disponibilidad": "ON", "fecha_instalacion": "2023-01-01", "fecha_updated": "2025-04-09", "foto": "", "link": ""}}, {"model": "activos.maquina", "pk": 20, "fields": {"area": 14, "codigo": "L10-CF20", "nombre": "Celda de flotaci¾n 1", "descripcion": "Celda de flotaci¾n 1", "disponibilidad": "ON", "fecha_instalacion": "2023-01-01", "fecha_updated": "2025-04-09", "foto": "", "link": ""}}, {"model": "activos.maquina", "pk": 21, "fields": {"area": 14, "codigo": "L10-CF21", "nombre": "Celda de flotaci¾n 2", "descripcion": "Celda de flotaci¾n 2", "disponibilidad": "ON", "fecha_instalacion": "2023-01-01", "fecha_updated": "2025-04-09", "foto": "", "link": ""}}, {"model": "activos.maquina", "pk": 22, "fields": {"area": 16, "codigo": "L10-FL22", "nombre": "Holding Tank", "descripcion": "Holding Tank", "disponibilidad": "ON", "fecha_instalacion": "2023-01-01", "fecha_updated": "2025-04-09", "foto": "", "link": ""}}, {"model": "activos.maquina", "pk": 23, "fields": {"area": 16, "codigo": "L10-FL23", "nombre": "Filtro Prensa 2", "descripcion": "Filtro Prensa 2", "disponibilidad": "ON", "fecha_instalacion": "2023-02-02", "fecha_updated": "2025-04-09", "foto": "", "link": ""}}, {"model": "activos.maquina", "pk": 24, "fields": {"area": 16, "codigo": "L10-FL24", "nombre": "Bombeo Filtro Prensa 1", "descripcion": "Bombeo Filtro Prensa 1", "disponibilidad": "ON", "fecha_instalacion": "2023-01-01", "fecha_updated": "2025-04-09", "foto": "", "link": ""}}, {"model": "activos.maquina", "pk": 25, "fields": {"area": 15, "codigo": "L10-ES25", "nombre": "Bombeo pulpa 1", "descripcion": "Bombeo pulpa 1", "disponibilidad": "ON", "fecha_instalacion": "2023-01-01", "fecha_updated": "2025-04-09", "foto": "", "link": ""}}, {"model": "activos.maquina", "pk": 26, "fields": {"area": 16, "codigo": "L10-FL26", "nombre": "Bombeo filtro Prensa 2", "descripcion": "El sistema completo de bombeo para filtro prensa 2, se compone de:\r\n- Bomba de pulpa\r\n- Motor\r\n- Acople bomba-motor\r\n- Vßlvula de entrada\r\n- TuberÝa de entrada\r\n- TuberÝa de salida", "disponibilidad": "ON", "fecha_instalacion": "2023-01-01", "fecha_updated": "2025-04-10", "foto": "", "link": ""}}, {"model": "activos.maquina", "pk": 27, "fields": {"area": 16, "codigo": "L10-FL27", "nombre": "Bombeo lavado filtro prensa 1", "descripcion": "Es el sistema que realiza el bombeo a presi¾n para lavar las lonas del filtro prensa 1", "disponibilidad": "ON", "fecha_instalacion": "2023-01-01", "fecha_updated": "2025-04-10", "foto": "", "link": ""}}, {"model": "activos.maquina", "pk": 28, "fields": {"area": 28, "codigo": "L6-LM28", "nombre": "Locomotora 3.5Tn", "descripcion": "Locomotora 3.5Tn\r\nProveedor: Incongensa", "disponibilidad": "ON", "fecha_instalacion": "2023-01-01", "fecha_updated": "2025-04-11", "foto": "images_maquinas/54a7b5be639c4441bad4481343af4fc9.png", "link": "archivos_maquinas/9dfc7577262b4ca4a931de7102764209.pdf"}}, {"model": "activos.maquina", "pk": 29, "fields": {"area": 30, "codigo": "L3-TP29", "nombre": "Banda transportadora Trio", "descripcion": "Banda de lonas", "disponibilidad": "ON", "fecha_instalacion": "2023-01-01", "fecha_updated": "2025-04-12", "foto": "", "link": ""}}, {"model": "activos.maquina", "pk": 30, "fields": {"area": 31, "codigo": "L3-M230", "nombre": "Molino de bolas Chino 2", "descripcion": "Molino de bolas Chino 2\r\nProcedencia = China\r\nMedidas = 6 x 10 in", "disponibilidad": "ON", "fecha_instalacion": "2023-01-01", "fecha_updated": "2025-04-12", "foto": "", "link": ""}}, {"model": "activos.parte", "pk": 7, "fields": {"maquina": 14, "num_parte": 1, "codigo_parte": "600-MP-002-01A", "nombre": "Placa del equipo", "descripcion": "Placa del equipo", "mantenimiento": "Revisi¾n de limpieza de placa", "anexo1": "archivos_partes/d02202fe732340c59b1deacee81c7b84.jpg", "anexo2": ""}}, {"model": "activos.parte", "pk": 8, "fields": {"maquina": 14, "num_parte": 2, "codigo_parte": "600-MP-002-02A", "nombre": "Martillo hidrßulico Rompedor", "descripcion": "Marca: JCB\r\nModelo: HM-033T", "mantenimiento": "Se debe realizar la carga con nitr¾geno a XX PSI", "anexo1": "archivos_partes/8a8f470e9cff4759837a9f15a10fa048.png", "anexo2": "archivos_partes/6b03b7e33d71447e83a78f90d41f8e88.pdf"}}, {"model": "activos.parte", "pk": 9, "fields": {"maquina": 14, "num_parte": 3, "codigo_parte": "600-MP-002-03A", "nombre": "Manual del operador", "descripcion": "Manual del operador", "mantenimiento": "Manual del operador", "anexo1": "archivos_partes/6568f7d776c94d2790d04afaecdcd814.pdf", "anexo2": ""}}, {"model": "activos.parte", "pk": 10, "fields": {"maquina": 2, "num_parte": 1, "codigo_parte": "100-TP-001-01A", "nombre": "Placa de transformador", "descripcion": "Placa de transformador 500 KVA INATRA", "mantenimiento": "Se hace la limpieza", "anexo1": "", "anexo2": ""}}, {"model": "activos.parte", "pk": 11, "fields": {"maquina": 14, "num_parte": 4, "codigo_parte": "600-MP-002-01D", "nombre": "Manual de operaci¾n del motor", "descripcion": "Manual de operaci¾n del motor", "mantenimiento": "De acuerdo a cronograma", "anexo1": "archivos_partes/26a3286c26084a65824d51831ce0d073.pdf", "anexo2": "archivos_partes/38680dec5e0c4198975aa12d60d96e75.mp4"}}, {"model": "activos.parte", "pk": 12, "fields": {"maquina": 15, "num_parte": 1, "codigo_parte": "1000-FL-001-01A", "nombre": "Placa del filtro prensa", "descripcion": "Placa del filtro prensa", "mantenimiento": "Limpieza", "anexo1": "archivos_partes/60a30c62c4af402dae100feef664947c.png", "anexo2": ""}}, {"model": "activos.parte", "pk": 13, "fields": {"maquina": 13, "num_parte": 2, "codigo_parte": "100-MP-001-02A", "nombre": "Cronograma de preventivos", "descripcion": "Cronograma de mantenimiento preventivos:\r\n- Diario\r\n- Cada 50 horas\r\n- Cada 125 horas\r\n- Cada 250 horas\r\n- Cada 500 horas\r\n- Cada 1000 horas", "mantenimiento": "", "anexo1": "", "anexo2": "archivos_partes/2e9a2dd4a75e496bbc6761f376074a6b.docx"}}, {"model": "activos.parte", "pk": 16, "fields": {"maquina": 19, "num_parte": 1, "codigo_parte": "L10-AC19-P1", "nombre": "Sistema de transmisi¾n", "descripcion": "Velocidad final del eje impulsor = xx rpm", "mantenimiento": "1. Engrasado de botella. Grasa Syn Molly Grease (Mensual)\r\n2. Alineaci¾n de poleas. (Mensual)\r\n3. Cambio de bandas de transmisi¾n (Correctivo)", "anexo1": "", "anexo2": ""}}, {"model": "activos.parte", "pk": 18, "fields": {"maquina": 19, "num_parte": 3, "codigo_parte": "L10-AC19-P3", "nombre": "Eje de transmisi¾n", "descripcion": "Eje de 5in", "mantenimiento": "", "anexo1": "", "anexo2": ""}}, {"model": "activos.parte", "pk": 19, "fields": {"maquina": 19, "num_parte": 4, "codigo_parte": "L10-AC19-P4", "nombre": "Impulsor", "descripcion": "Impulsor forrado", "mantenimiento": "", "anexo1": "", "anexo2": ""}}, {"model": "activos.parte", "pk": 20, "fields": {"maquina": 19, "num_parte": 5, "codigo_parte": "L10-AC19-P5", "nombre": "Tanque metßlico", "descripcion": "Tanque metßlico con plancha naval rolada", "mantenimiento": "", "anexo1": "", "anexo2": ""}}, {"model": "activos.parte", "pk": 23, "fields": {"maquina": 19, "num_parte": 2, "codigo_parte": "L10-AC19-P2", "nombre": "Draft de tanque", "descripcion": "Draft de tanque", "mantenimiento": "", "anexo1": "", "anexo2": ""}}, {"model": "activos.parte", "pk": 24, "fields": {"maquina": 19, "num_parte": 6, "codigo_parte": "L10-AC19-P6", "nombre": "Piso", "descripcion": "Piso", "mantenimiento": "", "anexo1": "", "anexo2": ""}}, {"model": "activos.parte", "pk": 26, "fields": {"maquina": 24, "num_parte": 1, "codigo_parte": "L10-FL24-P1", "nombre": "Bomba de pulpa", "descripcion": "Bomba China \r\nModelo: 100 ZJ-G42\r\n\r\nhttps://www.centrifugalslurry-pump.com/quality-11543311-metal-horizontal-centrifugal-zj-series-slurry-pump-for-high-concentration-medium\r\n\r\nhttps://www.walkerpump.com/zj-series-slurry-pump/", "mantenimiento": "Las partes de la bomba se encuentra aquÝ:\r\nhttp://www.zidongpump.com/product_detail/11.html?gad_source=1&gclid=CjwKCAjwtdi_BhACEiwA97y8BKCdoLc9Yb1Ld1IvOAL2l9PzyRqpNBcCT5VB1WuxYRUNgvRYy9stwRoCvkcQAvD_BwE", "anexo1": "archivos_partes/2bc87d60e83d45f7a47c095a567acfa3.jpeg", "anexo2": ""}}, {"model": "activos.parte", "pk": 27, "fields": {"maquina": 25, "num_parte": 1, "codigo_parte": "L10-ES25-P1", "nombre": "Bomba 1", "descripcion": "Modelo: 80 ZJ-30", "mantenimiento": "", "anexo1": "archivos_partes/605e0f10f2ad446093d73b9c0736eff9.jpg", "anexo2": "archivos_partes/8898ebc0dea244a8af89c450f771e8bf.pdf"}}, {"model": "activos.parte", "pk": 28, "fields": {"maquina": 26, "num_parte": 1, "codigo_parte": "L10-FL26-P1", "nombre": "Bomba de lodos", "descripcion": "Procedencia: China\r\nModelo: 80ZJ-36", "mantenimiento": "", "anexo1": "archivos_partes/69c0907f42ed4224bc5365e71b0ccd9c.jpeg", "anexo2": ""}}, {"model": "activos.parte", "pk": 29, "fields": {"maquina": 27, "num_parte": 1, "codigo_parte": "L10-FL27-P1", "nombre": "Bomba de agua multietapa", "descripcion": "Potencia = 4 KW\r\nCaudal = 16 m3/h\r\nAltura = 47.4m\r\nVelocidad = 3500 rpm", "mantenimiento": "", "anexo1": "archivos_partes/7d712d8ff7334100bc522b03d7815fed.jpeg", "anexo2": ""}}, {"model": "activos.parte", "pk": 30, "fields": {"maquina": 27, "num_parte": 2, "codigo_parte": "L10-FL27-P2", "nombre": "Valvula de direcci¾n de flujo", "descripcion": "Tama±o: DN50\r\nNumero vÝas = 3\r\nActuador: Neumßtico", "mantenimiento": "", "anexo1": "archivos_partes/246d04fab70d4129b266d6a727fceec5.jpeg", "anexo2": ""}}, {"model": "activos.parte", "pk": 31, "fields": {"maquina": 15, "num_parte": 2, "codigo_parte": "L10-FL15-P2", "nombre": "Estaci¾n de lavado de placas", "descripcion": "Permite el lavado de las placas.\r\nCuenta con una estructura que aloja un sistema de dos escobillas. El sistema se transporta adelante-atras y arriba-abajo", "mantenimiento": "", "anexo1": "", "anexo2": ""}}, {"model": "activos.parte", "pk": 32, "fields": {"maquina": 28, "num_parte": 1, "codigo_parte": "L6-LM28-P1", "nombre": "Manual de partes", "descripcion": "Manual de partes con c¾digos", "mantenimiento": "", "anexo1": "", "anexo2": "archivos_partes/b97e3eba675d4982be8c2225dd256d8f.pdf"}}, {"model": "activos.parte", "pk": 33, "fields": {"maquina": 29, "num_parte": 1, "codigo_parte": "L3-TP29-P1", "nombre": "Rodillo de cabeza", "descripcion": "Rodillo de cabeza", "mantenimiento": "", "anexo1": "", "anexo2": "archivos_partes/44629d35939142979d8ffbbd2dca4631.pdf"}}, {"model": "activos.parte", "pk": 34, "fields": {"maquina": 29, "num_parte": 2, "codigo_parte": "L3-TP29-P2", "nombre": "Rodillos de cola", "descripcion": "Rodillos de cola", "mantenimiento": "", "anexo1": "", "anexo2": "archivos_partes/718a819b33084550aeb7f480533bbf62.pdf"}}, {"model": "activos.parte", "pk": 35, "fields": {"maquina": 30, "num_parte": 1, "codigo_parte": "L3-M230-P1", "nombre": "Tapa de entrada", "descripcion": "Tapa de entrada", "mantenimiento": "Lubricaci¾n de Rodamiento", "anexo1": "", "anexo2": ""}}, {"model": "activos.parte", "pk": 36, "fields": {"maquina": 30, "num_parte": 2, "codigo_parte": "L3-M230-P2", "nombre": "Tapa de salida", "descripcion": "Tapa de salida", "mantenimiento": "Lubricaci¾n de rodamiento", "anexo1": "", "anexo2": ""}}, {"model": "activos.subparte", "pk": 1, "fields": {"parte": 16, "codigo": "L10-AC-19-P1-1", "num_subparte": 1, "nombre": "Bandas transmisoras", "marca": "N/A", "modelo": "C116", "descripcion": "8 Bandas tipo C. Modelo C116", "repuesto": false, "anexo1": "", "anexo2": ""}}, {"model": "activos.subparte", "pk": 2, "fields": {"parte": 31, "codigo": "L10-FL15-P2-1", "num_subparte": 1, "nombre": "Escobillas", "marca": "Chino", "modelo": "Chino", "descripcion": "Dos pares de escobillas", "repuesto": false, "anexo1": "", "anexo2": ""}}, {"model": "activos.subparte", "pk": 3, "fields": {"parte": 34, "codigo": "L3-TP29-P2-1", "num_subparte": 1, "nombre": "Chumacera de piso", "marca": "SKF", "modelo": "SY 2. TF", "descripcion": "Unidad de rodamientos de bolas con soporte de pie con aro interior prolongado y fijaci¾n con tornillos, fundici¾n, normas ISO", "repuesto": false, "anexo1": "archivos_subpartes/285aee43d8674a798cceb31eb7d94f51.png", "anexo2": "archivos_subpartes/49b7a1c4a7084aa69702e68bfb2804be.pdf"}}, {"model": "activos.subparte", "pk": 4, "fields": {"parte": 35, "codigo": "L3-M230-P1-1", "num_subparte": 1, "nombre": "Rodamiento interno de tapa", "marca": "Indistinto", "modelo": "23080 CA/W33", "descripcion": "Rodamiento de rodillos (esfÚrico) a r¾tula con funciones de relubricaci¾n", "repuesto": false, "anexo1": "archivos_subpartes/bc3f67c31d4c4976bc7016701da1b856.jpeg", "anexo2": "archivos_subpartes/421691416c8a4f9789f9503715a94b51.pdf"}}, {"model": "activos.mantenimientos", "pk": 1, "fields": {"maquina": 2, "tipo": "PRE", "nombre": "Revisi¾n de la EEQ de la cßmara y estado transformador", "descripcion": "Se realiz¾ la revisi¾n de toda la cßmara de transformaci¾n.\r\nSe midi¾ resistencia aislamiento, TTR, limpieza general y muestra de aceite\r\nSe realiz¾ con 8 personas de la EEQ", "fecha_planificada": "2025-03-08", "fecha_ejecutada": "2025-03-27", "responsable": 1, "evidencia": "mantenimientos_maquinas/e3908403426b45628d4044467fcd8a15.png"}}, {"model": "activos.mantenimientos", "pk": 2, "fields": {"maquina": 2, "tipo": "CORR", "nombre": "Ajuste de breaker de bajo voltaje", "descripcion": "Se realiza limpieza y ajuste del breaker de bajo voltaje", "fecha_planificada": "2025-03-08", "fecha_ejecutada": "2025-03-27", "responsable": 1, "evidencia": "mantenimientos_maquinas/Ajuste_de_breaker_de_bajo_voltaje.docx"}}, {"model": "activos.mantenimientos", "pk": 6, "fields": {"maquina": 1, "tipo": "PRE", "nombre": "Cambio filtro aire", "descripcion": "Cambio filtro aire", "fecha_planificada": "2025-03-15", "fecha_ejecutada": "2025-03-29", "responsable": 1, "evidencia": "acividades/trafo_500_KVA.png"}}, {"model": "activos.mantenimientos", "pk": 10, "fields": {"maquina": 5, "tipo": "CORR", "nombre": "Cambio de vßlvula de pie", "descripcion": "Cambio de vßlvula de pie debido a que existe basura y dificultad al succionar.", "fecha_planificada": "2025-02-08", "fecha_ejecutada": "2025-03-27", "responsable": 1, "evidencia": "mantenimientos_maquinas/Cambio_de_vßlvula_de_pie.docx"}}, {"model": "activos.mantenimientos", "pk": 11, "fields": {"maquina": 5, "tipo": "CORR", "nombre": "Cambio de rodamientos de cuerpo de bomba", "descripcion": "Cambio de rodamientos de cuerpo de bomba debido a sonido intenso en la bomba", "fecha_planificada": "2025-03-28", "fecha_ejecutada": "2025-03-27", "responsable": 2, "evidencia": "mantenimientos_maquinas/Cambio_de_rodamientos_de_cuerpo_de_bomba.pdf"}}, {"model": "activos.mantenimientos", "pk": 12, "fields": {"maquina": 5, "tipo": "CORR", "nombre": "Cambio de impulsor", "descripcion": "Cambio de impulsor por goteo de agua en carcasa de bomba", "fecha_planificada": "2025-03-11", "fecha_ejecutada": "2025-03-27", "responsable": 5, "evidencia": "mantenimientos_maquinas/Cambio_de_impulsor.pdf"}}, {"model": "activos.mantenimientos", "pk": 15, "fields": {"maquina": 5, "tipo": "CORR", "nombre": "Cambio de guardamotor de tablero", "descripcion": "Cambio de guardamotor de tablero de 30A", "fecha_planificada": "2025-03-15", "fecha_ejecutada": null, "responsable": 5, "evidencia": ""}}, {"model": "activos.mantenimientos", "pk": 17, "fields": {"maquina": 2, "tipo": "CORR", "nombre": "Revision de aceite", "descripcion": "Revision de aceite", "fecha_planificada": "2025-01-08", "fecha_ejecutada": "2025-03-27", "responsable": 1, "evidencia": "mantenimientos_maquinas/Revision_de_aceite.pdf"}}, {"model": "activos.mantenimientos", "pk": 18, "fields": {"maquina": 1, "tipo": "CORR", "nombre": "Cambio de vßlvula de descarga", "descripcion": "Cambio de vßlvula de descarga, por una de mariposa de 6\"", "fecha_planificada": "2025-01-08", "fecha_ejecutada": "2025-03-29", "responsable": 1, "evidencia": ""}}, {"model": "activos.mantenimientos", "pk": 21, "fields": {"maquina": 2, "tipo": "CORR", "nombre": "Cambio de medidor de corriente", "descripcion": "Cambio de medidor de corriente de la fase R", "fecha_planificada": "2025-01-08", "fecha_ejecutada": "2025-03-04", "responsable": 1, "evidencia": ""}}, {"model": "activos.mantenimientos", "pk": 22, "fields": {"maquina": 2, "tipo": "PRE", "nombre": "Limpieza de bujes", "descripcion": "Limpieza de bujes", "fecha_planificada": "2025-02-01", "fecha_ejecutada": "2025-03-28", "responsable": 1, "evidencia": ""}}, {"model": "activos.mantenimientos", "pk": 23, "fields": {"maquina": 6, "tipo": "CORR", "nombre": "Cambio de sello mecßnico", "descripcion": "Cambio de sello mecßnico por motivos de urgencia", "fecha_planificada": "2025-03-20", "fecha_ejecutada": null, "responsable": 1, "evidencia": "mantenimientos_maquinas/Cambio_de_sello_mecßnico.jpg"}}, {"model": "activos.mantenimientos", "pk": 24, "fields": {"maquina": 13, "tipo": "CORR", "nombre": "Revisi¾n de sistema de elevaci¾n de brazos hidrß·licos por operaci¾n lenta", "descripcion": "Los brazos hidrßulicos de la mßquina presentar pÚrdida de fuerza.\r\nSe solicita suspender la operaci¾n de la mßquina para una revisi¾n. \r\nEl 20 de diciembre se suspende el servicio, de la mßquina, se a±ade aceite hidrßulico, se drena las ca±erÝas, se limpia y se pone de nuevo en operaci¾n mejorando el sistema de brazos.\r\nHor¾metro 2412 horas", "fecha_planificada": "2024-12-19", "fecha_ejecutada": "2024-12-20", "responsable": 1, "evidencia": "mantenimientos_maquinas/Revisi¾n_de_sistema_de_elevaci¾n_de_brazos_hidrß·licos.pdf"}}, {"model": "activos.mantenimientos", "pk": 26, "fields": {"maquina": 13, "tipo": "CORR", "nombre": "Reparaci¾n de tanque de aceite hidrßulico.", "descripcion": "Reparaci¾n de tanque de aceite hidrßulico. \r\nSe envÝa a construir un nuevo tanque se realiza el cambio de reservorio del tanque.\r\nHor¾metro = 2210 horas", "fecha_planificada": "2024-09-22", "fecha_ejecutada": "2024-09-22", "responsable": 1, "evidencia": ""}}, {"model": "activos.mantenimientos", "pk": 27, "fields": {"maquina": 13, "tipo": "CORR", "nombre": "Cambio de switch de encendido por perdida de llave", "descripcion": "Cambio de switch de encendido on/off por perdida de llave\r\nHor¾metro = 1934 h", "fecha_planificada": "2024-08-28", "fecha_ejecutada": "2024-08-28", "responsable": 1, "evidencia": ""}}, {"model": "activos.mantenimientos", "pk": 28, "fields": {"maquina": 13, "tipo": "CORR", "nombre": "Cambio de sensor de aceite", "descripcion": "Cambio de sensor de aceite. \r\nHor¾metro = 1410 horas", "fecha_planificada": "2024-04-21", "fecha_ejecutada": "2024-04-21", "responsable": 1, "evidencia": ""}}, {"model": "activos.mantenimientos", "pk": 29, "fields": {"maquina": 13, "tipo": "CORR", "nombre": "Cambio de luces delanteras debido a rotura de vidrio", "descripcion": "Cambio de luces delanteras debido a rotura de vidrio.", "fecha_planificada": "2024-06-10", "fecha_ejecutada": "2024-06-10", "responsable": 1, "evidencia": ""}}, {"model": "activos.mantenimientos", "pk": 30, "fields": {"maquina": 14, "tipo": "PRE", "nombre": "Entrega de mßquina en concesionario Quito", "descripcion": "Se entrega la mßquina en concesionario Quito", "fecha_planificada": "2023-10-20", "fecha_ejecutada": null, "responsable": 9, "evidencia": "mantenimientos_maquinas/Entrega_de_mßquina_en_concesionario_Quito.pdf"}}, {"model": "activos.mantenimientos", "pk": 31, "fields": {"maquina": 14, "tipo": "PRE", "nombre": "Puesta en servicio en Campamento AIC", "descripcion": "Puesta en servicio en Campamento AIC", "fecha_planificada": "2024-01-03", "fecha_ejecutada": null, "responsable": 9, "evidencia": "mantenimientos_maquinas/Puesta_en_servicio_en_Campamento_AIC.pdf"}}, {"model": "activos.mantenimientos", "pk": 32, "fields": {"maquina": 14, "tipo": "PRE", "nombre": "Mantenimiento 100 horas", "descripcion": "Mantenimiento 100 horas\r\n- Repuestos, fluidos y revisi¾n", "fecha_planificada": "2024-01-22", "fecha_ejecutada": null, "responsable": 9, "evidencia": "mantenimientos_maquinas/Mantenimiento_100_horas.pdf"}}, {"model": "activos.mantenimientos", "pk": 33, "fields": {"maquina": 14, "tipo": "PRE", "nombre": "Mantenimiento 500 horas", "descripcion": "Mantenimiento 500 horas\r\nCambio de repuestos, aceites y revisi¾n\r\n\r\nNOTA:\r\nLa doble transmisi¾n se sigue activando sola. Se requiere coordinar la revisi¾n elÚctrica", "fecha_planificada": "2024-04-10", "fecha_ejecutada": null, "responsable": 9, "evidencia": "mantenimientos_maquinas/Mantenimiento_500_horas.pdf"}}, {"model": "activos.mantenimientos", "pk": 35, "fields": {"maquina": 13, "tipo": "CORR", "nombre": "Golpeteo y ruido anormal en el mecanismo de elevaci¾n", "descripcion": "Se busca el origen del golpeteo de los mecanismos de elevaci¾n. Se examina el aceite hidrßulico y se evidencia el pÚrdida de aceite y con rastros de aire. \r\nSe completa aceite hidrßulico.", "fecha_planificada": "2025-01-24", "fecha_ejecutada": "2025-01-24", "responsable": 1, "evidencia": ""}}, {"model": "activos.mantenimientos", "pk": 37, "fields": {"maquina": 13, "tipo": "CORR", "nombre": "Extracci¾n de ruedas de equipo", "descripcion": "Se cambia las 4 ruedas de la mßquina para colocarle al equipo rentado Caterpillar 246D de la empresa Renthal\r\nHor¾metro = 2457.2 horas", "fecha_planificada": "2025-01-31", "fecha_ejecutada": "2025-01-31", "responsable": 1, "evidencia": ""}}, {"model": "activos.mantenimientos", "pk": 38, "fields": {"maquina": 13, "tipo": "CORR", "nombre": "Enllantado nuevo del equipo", "descripcion": "Se realiza el cambio de llantas nuevas de la mßquina.\r\nSe cambian todas las llantas delanteras y traseras\r\nHor¾metro = 2278 horas", "fecha_planificada": "2024-11-27", "fecha_ejecutada": "2024-11-27", "responsable": 1, "evidencia": ""}}, {"model": "activos.mantenimientos", "pk": 39, "fields": {"maquina": 13, "tipo": "CORR", "nombre": "Revisi¾n de sistema hidrßulico de brazos trabado", "descripcion": "Revisi¾n de sistema hidrßulico de brazos trabado. \r\nSe realiza una inspecci¾n al sistema hidrßulico completo, donde se evidencia que el banco de vßlvulas, spool de accionamiento estß trabado. Ocasionando fallas en todo el sistema de bombeo, y transporte de fluido hidrßulico.\r\nHor¾metro: 2457.2 horas", "fecha_planificada": "2025-01-25", "fecha_ejecutada": "2025-01-26", "responsable": 1, "evidencia": "mantenimientos_maquinas/Revisi¾n_de_sistema_hidrßulico_de_brazos_trabado_8kNCaQd.docx"}}, {"model": "activos.mantenimientos", "pk": 41, "fields": {"maquina": 14, "tipo": "CORR", "nombre": "Maquina parada por perdida de fuerza, switch no encendi¾", "descripcion": "Se hizo:\r\n- Cambio de toda la flauta de balancines\r\n- Se instalado los inyectores que fueron enviados a revisar en laboratorio\r\n- Se instalo la bomba de inyecci¾n que fue enviada a la labotorio a realizar reparaci¾n.\r\n- Se instal¾ el turbo que fue revisando en Labotorio (Sugiere cotizar un nuevo turbo, porque se humecede de aceite el sistema de adimisi¾n de aire)\r\n- Se cambio el switch de encendido\r\n- La baterÝa se descarg¾ pero se carg¾ nuevamente. \r\n\r\nQueda totalmente operativa con las recomendaciones del cambio del Diesel. Queda pendiente el mantenimiento del martillo (Pedir el kit de reparaci¾n del martillo de 1000 horas a JCB)", "fecha_planificada": "2025-04-06", "fecha_ejecutada": "2025-04-06", "responsable": 1, "evidencia": ""}}, {"model": "activos.mantenimientos", "pk": 42, "fields": {"maquina": 14, "tipo": "PRE", "nombre": "Instalaci¾n de el dispositivo de rastreo satelital", "descripcion": "El miÚrcoles 2 abril 2025 ingres¾ al campamento de AIC el profesional Richard Chamba de la empresa HUNTER a ubicar el dispositivo de rastreo satelital a la mßquina Retroexcavadora JCB 3 CX. \r\n\r\nEl dispositivo fue cableado y colocado oculto en los paneles internos de la mßquina. Qued¾ el dispositivo operativo, pero no se pudo comprobar ese dÝa debido a que la mßquina se encontraba fuera de operaci¾n por mantenimiento correctivo.\r\n\r\nEl dÝa 6 abril se conect¾ un conector que qued¾ pendiente, por lo que se solicita contactar con HUNTER y evaluar si ya se tiene se±al del equipo y que estÚ operativo.", "fecha_planificada": "2025-04-02", "fecha_ejecutada": "2025-04-07", "responsable": 1, "evidencia": ""}}, {"model": "activos.mantenimientos", "pk": 43, "fields": {"maquina": 13, "tipo": "PRE", "nombre": "Preventivo de las 2250 horas", "descripcion": "Se realiza:\r\n- Cambio de filtro de combustible\r\n- Revisi¾n de cadenas de transmisi¾n y funcionamiento de motor\r\n- Cambio de filtro de aire de motor\r\n- Cambio de filtro de aceite de motor\r\n- Cambio de filtro de aceite hidrßulico\r\n- Cambio de tapa de tanque hidrßulico\r\nDe acuerdo a cronograma preventivos", "fecha_planificada": "2024-11-01", "fecha_ejecutada": "2024-11-01", "responsable": 1, "evidencia": ""}}, {"model": "activos.mantenimientos", "pk": 44, "fields": {"maquina": 13, "tipo": "PRE", "nombre": "Preventivo de las 2000 horas", "descripcion": "Se realiza:\r\n- Cambio de filtro de combustible, Diesel, aire, hidrßulico\r\n- Cambio de aceite hidrßulico\r\n- Cambio de aceite de caja de cadena y transmisi¾n\r\n- Revisi¾n de cadenas de transmisi¾n y funcionamiento de motor\r\n- Cambio de tapa de tanque hidrßulico\r\n- Cambio de fajas de bomba hidrostßtica y alternador\r\nDe acuerdo a cronograma preventivos", "fecha_planificada": "2024-09-02", "fecha_ejecutada": "2024-09-02", "responsable": 1, "evidencia": ""}}, {"model": "activos.mantenimientos", "pk": 45, "fields": {"maquina": 13, "tipo": "PRE", "nombre": "Preventivo de las 1750 horas", "descripcion": "Se realiza:\r\n- Cambio de filtro de combustible\r\n- Revisi¾n de cadenas de transmisi¾n y funcionamiento de motor\r\n- Cambio de filtro de aire de motor\r\n- Cambio de filtro de aceite de motor\r\n- Cambio de filtro de aceite hidrßulico\r\n- Cambio de tapa de tanque hidrßulico\r\nDe acuerdo a cronograma preventivos", "fecha_planificada": "2024-07-03", "fecha_ejecutada": "2024-07-03", "responsable": 1, "evidencia": ""}}, {"model": "activos.mantenimientos", "pk": 46, "fields": {"maquina": 13, "tipo": "PRE", "nombre": "Preventivo de las 1500 horas", "descripcion": "Se realiza:\r\n- Cambio de filtro de combustible, Diesel, aire, hidrßulico\r\n- Cambio de aceite hidrßulico\r\n- Revisi¾n de cadenas de transmisi¾n y funcionamiento de motor\r\n- Cambio de tapa de tanque hidrßulico\r\n- Cambio de fajas de bomba hidrostßtica y alternador\r\nDe acuerdo a cronograma preventivos", "fecha_planificada": "2024-05-01", "fecha_ejecutada": "2024-05-01", "responsable": 1, "evidencia": ""}}, {"model": "activos.mantenimientos", "pk": 47, "fields": {"maquina": 13, "tipo": "PRE", "nombre": "Preventivo de las 1250 horas", "descripcion": "Se realiza:\r\n- Cambio de filtro de combustible\r\n- Revisi¾n de cadenas de transmisi¾n y funcionamiento de motor\r\n- Cambio de filtro de aire de motor\r\n- Cambio de filtro de aceite de motor\r\n- Cambio de filtro de aceite hidrßulico\r\n- Cambio de tapa de tanque hidrßulico\r\nDe acuerdo a cronograma preventivos", "fecha_planificada": "2024-03-02", "fecha_ejecutada": "2024-03-02", "responsable": 1, "evidencia": ""}}, {"model": "activos.mantenimientos", "pk": 48, "fields": {"maquina": 13, "tipo": "PRE", "nombre": "Preventivo de las 1000 horas", "descripcion": "Se realiza:\r\n- Cambio de filtro de combustible, Diesel, aire, hidrßulico\r\n- Cambio de aceite hidrßulico\r\n- Cambio de aceite de caja de cadena y transmisi¾n\r\n- Revisi¾n de cadenas de transmisi¾n y funcionamiento de motor\r\n- Cambio de tapa de tanque hidrßulico\r\n- Cambio de fajas de bomba hidrostßtica y alternador\r\nDe acuerdo a cronograma preventivos", "fecha_planificada": "2024-01-05", "fecha_ejecutada": "2024-01-05", "responsable": 1, "evidencia": ""}}, {"model": "activos.mantenimientos", "pk": 49, "fields": {"maquina": 13, "tipo": "CORR", "nombre": "Fuga de aceite hidrßulico en la parte inferior de la cabina", "descripcion": "Se realiza la revisi¾n de fuga de aceite hidrßulico en la parte inferior de la cabina. Se determina que el reservorio presenta una fuga en su parte baja.\r\nSe envÝa a construir un nuevo tanque y se completa el aceite hidrßulico.\r\nHor¾metro = 2187 horas", "fecha_planificada": "2024-10-10", "fecha_ejecutada": "2024-10-10", "responsable": 1, "evidencia": ""}}, {"model": "activos.mantenimientos", "pk": 50, "fields": {"maquina": 13, "tipo": "CORR", "nombre": "Cambio de cuchilla de pala frontal", "descripcion": "Se cambia la cuchilla de pala frontal y se coloca pernos nuevos", "fecha_planificada": "2024-02-27", "fecha_ejecutada": "2024-02-27", "responsable": 1, "evidencia": ""}}, {"model": "activos.mantenimientos", "pk": 51, "fields": {"maquina": 28, "tipo": "CORR", "nombre": "Reparaci¾n de Rodamen (caja de transmisi¾n)", "descripcion": "Se para la mßquina por motivo de atascamiento debido a que las ruedas se atascaron producto de atascamiento en el Rodamen (caja de transmisi¾n delantera)\r\nPIEZAS CAMBIADAS DEL EJE DE LLANTAS:\r\n2 rodamiento de bolas #22312 E1, Marca SKF (Rodamiento externos de llantas)\r\n2 pista de rodamiento #473, Marca TIMKEN (Cubre rodamiento interno de eje)\r\n2 rodamiento #480, Marca TIMKEN (Rodamiento interno de eje)\r\n2 retenedor de aceite internos: TC 3.25 x 4.25 x 0.5 in (Dext x Dint x Espesor) \r\n2 retenedor de aceite externos: TC 85.73 x 127 x 12.7 mm (Dext x Dint x Espesor) \r\n\r\nPIEZAS CAMBIADAS DEL SIN FIN DE TRANSMISIËN:\r\n4 rodamiento #6408 (Exterior de sin fin)\r\n2 retenedor de aceite exterior: TC 2.75 x 3.50 x 0.5 in (Dext x Dint x Espesor) \r\n2 retenedor de aceite interior: TC 53.98 x 78.02 x 9.53 mm (Dext x Dint x Espesor) \r\n\r\nSe termina el mantenimiento el 8 abril, colocando Grasa 00 en ambas cajas transmisoras.\r\nSe debe verificar el aceite cada mes y realizar el cambio del mismo en los siguientes 6 meses.", "fecha_planificada": "2025-04-01", "fecha_ejecutada": "2025-04-08", "responsable": 1, "evidencia": "mantenimientos_maquinas/Reparaci¾n_de_Rodamen_caja_de_transmisi¾n.pdf"}}]
